graph_name,dataset,role,node,degree,strength,clustering,weighted_clustering,local_efficiency,degree_centrality,betweenness_centrality,closeness_centrality,eigenvector_centrality,pagerank,community_id
pems-bay,pems-bay,original,0,0,0.0,0.0,0.0,0.0,0.0,0.0,0.0,-6.3683840648707835e-19,0.0004688965301656768,13
pems-bay,pems-bay,original,1,0,0.0,0.0,0.0,0.0,0.0,0.0,0.0,-3.989201559936085e-18,0.0004688965301656768,14
pems-bay,pems-bay,original,2,25,13.184235461056232,0.55,0.28587585679033417,0.7733333333333334,0.07716049382716049,0.03724725757749493,0.09008499043378775,0.00019950545388363122,0.004905105162851798,0
pems-bay,pems-bay,original,3,23,15.918851017951965,0.857707509881423,0.575982526860605,0.9288537549407114,0.07098765432098765,0.011657684516301647,0.06447070567462922,0.2367706209967017,0.003725304870009734,4
pems-bay,pems-bay,original,4,27,10.42171460390091,0.4843304843304843,0.19381400195519619,0.7397910731244064,0.08333333333333333,0.053128463861178,0.08845900547663217,0.00015424328714932104,0.004121536432314428,0
pems-bay,pems-bay,original,5,12,6.115103416144848,0.4393939393939394,0.21292653691140034,0.7095959595959596,0.037037037037037035,0.02018117188395826,0.05330537973789449,3.941751022320122e-07,0.0038203636954646136,5
pems-bay,pems-bay,original,6,8,2.667993202805519,0.6428571428571429,0.2301147405488099,0.8214285714285714,0.024691358024691357,0.0,0.07997806577457285,1.6886381926430756e-05,0.0014768062424388643,0
pems-bay,pems-bay,original,7,9,3.593413785099983,0.6666666666666666,0.28659396912241425,0.8333333333333334,0.027777777777777776,0.005656843634139815,0.05918105309598249,1.1280298150784788e-08,0.0024600943836021022,3
pems-bay,pems-bay,original,8,7,5.101305425167084,1.0,0.676488809887886,1.0,0.021604938271604937,0.005331957344341245,0.07640464650784655,0.00048558741296720513,0.0027477657555685774,12
pems-bay,pems-bay,original,9,19,9.105396255850792,0.52046783625731,0.26779077663742795,0.7602339181286549,0.05864197530864197,0.0,0.07845985617821898,3.6720735096963986e-06,0.0037595553245409665,6
pems-bay,pems-bay,original,10,4,2.250320643186569,1.0,0.4442482956808722,1.0,0.012345679012345678,0.0,0.06381689838518033,2.6959645373501435e-07,0.0021931452315144973,0
pems-bay,pems-bay,original,11,6,3.4408880174160004,0.7333333333333333,0.39914219685947594,0.8666666666666667,0.018518518518518517,0.012001681764323662,0.06307223760673067,2.663641094273002e-06,0.0030446575686771545,1
pems-bay,pems-bay,original,12,8,4.551278203725815,0.5357142857142857,0.26742371934389353,0.7678571428571429,0.024691358024691357,0.0017390971983335243,0.04948759635265332,2.85746006695214e-07,0.003033859546829235,5
pems-bay,pems-bay,original,13,9,6.5150405913591385,0.8888888888888888,0.6042948889610502,0.9444444444444444,0.027777777777777776,0.0,0.06692689868458243,5.85553570716995e-06,0.0030357165896621615,0
pems-bay,pems-bay,original,14,9,4.675562761723995,0.6388888888888888,0.34449705320027973,0.8101851851851852,0.027777777777777776,0.03692237128769636,0.054829062293136256,1.6186538345367861e-09,0.003133665213287718,7
pems-bay,pems-bay,original,15,7,3.5848269164562225,0.6190476190476191,0.32574374562854275,0.8095238095238095,0.021604938271604937,0.07092076596720559,0.06304093053607816,1.662531851504933e-08,0.0026440876928108662,3
pems-bay,pems-bay,original,16,11,3.8535673320293427,0.4,0.16450041731179574,0.7,0.033950617283950615,0.004930627221648893,0.0811158122532274,8.77181760214117e-06,0.002399072308343829,0
pems-bay,pems-bay,original,17,9,4.478740878403187,0.6388888888888888,0.3128099176337445,0.8148148148148148,0.027777777777777776,0.0,0.047003599722278945,4.516420955799797e-11,0.003264266915357933,7
pems-bay,pems-bay,original,18,9,4.676930770277977,0.6666666666666666,0.34054503881609866,0.8240740740740741,0.027777777777777776,0.05561288843022589,0.08231337941443831,1.5904023063220854e-05,0.002619305289212915,10
pems-bay,pems-bay,original,19,27,10.117323465645313,0.5042735042735043,0.19180533651549442,0.7507122507122506,0.08333333333333333,0.018900737682987424,0.08701222607231138,0.00016454859128521977,0.0040171362980444825,0
pems-bay,pems-bay,original,20,13,5.268787674605846,0.4230769230769231,0.16686578906216779,0.6837606837606836,0.040123456790123455,0.05914841570156327,0.08654912887637212,3.608923195444436e-05,0.0026560208617189044,0
pems-bay,pems-bay,original,21,10,4.775370329618454,0.6888888888888889,0.33293779413179087,0.8444444444444444,0.030864197530864196,0.0,0.05625019849701949,2.906355976276405e-08,0.002964984631763196,5
pems-bay,pems-bay,original,22,6,1.5084859058260918,0.6666666666666666,0.22345668950885986,0.6666666666666666,0.018518518518518517,0.006058173756832167,0.044190333403629045,3.746107157009995e-12,0.0016747335063281548,3
pems-bay,pems-bay,original,23,9,5.3545981496572495,0.75,0.41729765553734166,0.875,0.027777777777777776,0.0019110958223445321,0.05071261507030411,1.8212496226935022e-10,0.0035744702951428778,7
pems-bay,pems-bay,original,24,8,4.287421703338623,0.7142857142857143,0.37098096687879284,0.8571428571428571,0.024691358024691357,0.0502618201276612,0.0710227588532051,4.297730277633637e-06,0.0026502225710053782,10
pems-bay,pems-bay,original,25,13,8.29115779697895,0.7948717948717948,0.48917594115095103,0.8974358974358975,0.040123456790123455,0.011294576310056184,0.06794330460060224,1.0336847911581207e-07,0.0034744606355429555,2
pems-bay,pems-bay,original,26,16,6.0787652134895325,0.44166666666666665,0.19680494136250554,0.713888888888889,0.04938271604938271,0.2383327600045866,0.08501064937514988,2.544982577204749e-05,0.002715429134098278,6
pems-bay,pems-bay,original,27,8,4.307827919721603,0.8928571428571429,0.45929472333454063,0.9464285714285714,0.024691358024691357,0.05647288155028093,0.0566630208070631,4.0257697591275853e-10,0.0022397721922273583,8
pems-bay,pems-bay,original,28,20,14.61177083849907,0.968421052631579,0.6615839498016884,0.9842105263157894,0.06172839506172839,0.0,0.05930115139889855,0.23038565701402744,0.003383528176389372,4
pems-bay,pems-bay,original,29,9,3.9652207642793655,0.6111111111111112,0.2830131606813706,0.7962962962962963,0.027777777777777776,0.048197836639529104,0.05587464974380041,6.683690119477132e-11,0.0024664431547023837,5
pems-bay,pems-bay,original,30,10,5.002411931753159,0.6444444444444445,0.3239594471454362,0.8222222222222222,0.030864197530864196,0.0,0.0532674964806944,1.0702302596076728e-09,0.003328335621129832,7
pems-bay,pems-bay,original,31,13,6.805558517575264,0.717948717948718,0.37987675580142594,0.8589743589743589,0.040123456790123455,0.1043649428582349,0.08135767716200817,5.925335080377949e-06,0.0028919737308566985,6
pems-bay,pems-bay,original,32,8,3.495160698890686,0.5714285714285714,0.27337512407480846,0.7678571428571429,0.024691358024691357,0.06841723043993425,0.05608139443835434,2.2869152140768398e-10,0.0023514246679698534,3
pems-bay,pems-bay,original,33,14,6.766576990485191,0.4175824175824176,0.20684511491527205,0.6758241758241753,0.043209876543209874,0.21064098153881433,0.07375433285856808,4.4647732972997586e-07,0.0042195332371279,3
pems-bay,pems-bay,original,34,11,4.094801217317581,0.41818181818181815,0.17567711814115747,0.7090909090909091,0.033950617283950615,0.013052784466613156,0.0828649377363284,7.750517585841051e-05,0.002517619390800083,11
pems-bay,pems-bay,original,35,9,3.7849454060196877,0.5555555555555556,0.2524878921788476,0.7592592592592592,0.027777777777777776,0.05224935978289951,0.06025127737810395,1.178808586971392e-09,0.0025557842725391186,5
pems-bay,pems-bay,original,36,13,6.11214579641819,0.6282051282051282,0.3141239386458917,0.8055555555555554,0.040123456790123455,0.029220655123647896,0.06064509429969944,4.484444190372795e-08,0.002828298792185245,2
pems-bay,pems-bay,original,37,20,8.685605131089687,0.6578947368421053,0.3065872399293376,0.8289473684210527,0.06172839506172839,0.0,0.07419812864745871,0.08344515062649928,0.0025510323514610243,4
pems-bay,pems-bay,original,38,9,5.3405762910842896,0.8888888888888888,0.4918724612101286,0.9444444444444444,0.027777777777777776,0.0,0.06741802504024204,2.134341738181059e-05,0.002525599429064404,0
pems-bay,pems-bay,original,39,0,0.0,0.0,0.0,0.0,0.0,0.0,0.0,-9.89787082361898e-19,0.0004688965301656768,15
pems-bay,pems-bay,original,40,16,8.62669874727726,0.6083333333333333,0.33794464315624906,0.8041666666666667,0.04938271604938271,0.0,0.06808319138550463,2.632148420656665e-07,0.0035922755696387106,2
pems-bay,pems-bay,original,41,20,10.66005264222622,0.6736842105263158,0.33936162277569104,0.8368421052631579,0.06172839506172839,0.01899629247410465,0.08851568839011105,9.36234243848584e-05,0.004159431380418681,0
pems-bay,pems-bay,original,42,22,16.105151623487473,0.9047619047619048,0.6280068091094925,0.9523809523809523,0.06790123456790123,0.01127546535183274,0.06371904246123668,0.24388785496607182,0.0037374633610104224,4
pems-bay,pems-bay,original,43,9,4.571168214082718,0.6111111111111112,0.35750968920000115,0.6111111111111112,0.027777777777777776,0.042063219049803154,0.07464784884151213,0.0005594071785667344,0.002538559908102381,12
pems-bay,pems-bay,original,44,8,4.007366821169853,0.42857142857142855,0.20643624790915488,0.6607142857142857,0.024691358024691357,0.006191950464396284,0.050399173843041864,7.58708842161183e-08,0.0026730324845647257,5
pems-bay,pems-bay,original,45,11,4.893902860581875,0.43636363636363634,0.21595507352685292,0.6863636363636361,0.033950617283950615,0.059702633490043185,0.0584916123839299,3.5651064317261265e-09,0.00333315779805154,7
pems-bay,pems-bay,original,46,4,2.549297273159027,1.0,0.5063560983916929,1.0,0.012345679012345678,0.012078125597217444,0.06887419735757323,5.206385972807363e-07,0.002346049411066406,0
pems-bay,pems-bay,original,47,6,4.080597758293152,1.0,0.565127439316908,1.0,0.018518518518518517,0.0,0.04694809978331367,1.6046624273886632e-08,0.002662157786037914,5
pems-bay,pems-bay,original,48,10,3.769275091588497,0.4666666666666667,0.20031753791885043,0.6962962962962965,0.030864197530864196,0.03577571379428964,0.07576680277505188,8.105723002717262e-05,0.002416881077311376,1
pems-bay,pems-bay,original,49,10,4.871625602245331,0.6444444444444445,0.31478947816158487,0.8148148148148149,0.030864197530864196,0.0001719986240110079,0.047448594676996796,6.621348678149852e-11,0.0034132899615514412,7
pems-bay,pems-bay,original,50,13,4.385108828544617,0.2948717948717949,0.1192290516658843,0.5064102564102564,0.040123456790123455,0.05167603103619615,0.08125862008086443,8.03354472484153e-06,0.0027821896165135134,0
pems-bay,pems-bay,original,51,15,8.945891186594963,0.7619047619047619,0.4453186634080477,0.8809523809523809,0.046296296296296294,0.00535106830256469,0.06828051962814036,5.913328977745219e-07,0.0036165290733035094,6
pems-bay,pems-bay,original,52,10,5.382266610860825,0.7333333333333333,0.3884399545263933,0.8666666666666667,0.030864197530864196,0.0003631082062454611,0.05844394443435716,1.6128876965403957e-08,0.003272365765435959,5
pems-bay,pems-bay,original,53,8,3.3990682512521744,0.6428571428571429,0.289295939052872,0.8214285714285714,0.024691358024691357,0.0,0.08147731046756974,1.933666093562541e-05,0.0016618569165851528,0
pems-bay,pems-bay,original,54,16,7.547903902828693,0.6166666666666667,0.30682988781329995,0.8083333333333333,0.04938271604938271,0.00833237778542216,0.06580703110028399,1.4968911074578195e-07,0.0032354303113551314,2
pems-bay,pems-bay,original,55,17,8.518679350614548,0.5661764705882353,0.2990073296102671,0.7830882352941176,0.05246913580246913,0.12599854756717502,0.07940139451549197,4.033708553282214e-06,0.003576416634311387,6
pems-bay,pems-bay,original,56,8,4.4705445766448975,0.75,0.39387981331993,0.875,0.024691358024691357,0.0,0.0843617111187806,1.9155681019467407e-05,0.0024321112444987587,10
pems-bay,pems-bay,original,57,11,7.373946994543076,0.8,0.5110149022064535,0.896969696969697,0.033950617283950615,0.0039941902687000725,0.05555754795694772,1.1001241876632879e-08,0.0034725890150705,2
pems-bay,pems-bay,original,58,9,3.033956363797188,0.5277777777777778,0.22837141115746895,0.6527777777777778,0.027777777777777776,0.012078125597217444,0.07385474714464169,6.809130493490021e-06,0.002269666047179161,0
pems-bay,pems-bay,original,59,22,16.09772789478302,0.9047619047619048,0.6278415992248298,0.9523809523809523,0.06790123456790123,0.0010319917440660474,0.06374837444885031,0.2436850184572015,0.003736467622517177,4
pems-bay,pems-bay,original,60,7,3.180159442126751,0.5238095238095238,0.25708650979253683,0.73015873015873,0.021604938271604937,0.02990864961969193,0.0689278698052456,1.3382858542699329e-05,0.0025511292204943117,1
pems-bay,pems-bay,original,61,12,7.3044615387916565,0.8484848484848485,0.49583575741134944,0.9242424242424242,0.037037037037037035,0.0043764094331689785,0.06320472494083511,2.674330885213734e-07,0.0031128516011432314,6
pems-bay,pems-bay,original,62,8,4.375416144728661,0.5,0.26898854957174245,0.75,0.024691358024691357,0.05066315025035355,0.07939942840275258,7.317562244548592e-06,0.0030043128172483045,11
pems-bay,pems-bay,original,63,6,1.43776136636734,0.8,0.2497293067870792,0.9,0.018518518518518517,0.0004204410809157971,0.06528354786140755,9.138231217171948e-06,0.0009442956061164142,0
pems-bay,pems-bay,original,64,10,5.1651992574334145,0.6444444444444445,0.3329796635909843,0.8222222222222222,0.030864197530864196,0.004892405305202002,0.05232788907855404,7.72890327314446e-10,0.0034273748277249294,7
pems-bay,pems-bay,original,65,20,14.585897289216518,0.968421052631579,0.6605689996778346,0.9842105263157894,0.06172839506172839,0.0,0.059267227118501575,0.23000453541211538,0.0033782141662437835,4
pems-bay,pems-bay,original,66,11,5.7866916209459305,0.45454545454545453,0.2398659994319269,0.7272727272727273,0.033950617283950615,0.02560868401941673,0.05328310668194292,3.4521428251867123e-07,0.0036243575809949864,5
pems-bay,pems-bay,original,67,10,5.438280552625656,0.7333333333333333,0.38529971342991265,0.8666666666666667,0.030864197530864196,0.0,0.06353714117020613,4.597975082904526e-09,0.0033206841261964794,5
pems-bay,pems-bay,original,68,22,11.448505632579327,0.5108225108225108,0.2651784756534596,0.7510822510822509,0.06790123456790123,0.1530214424951267,0.09174376756782242,0.00030514283200316027,0.004362088593914154,0
pems-bay,pems-bay,original,69,9,5.646172918379307,0.8333333333333334,0.48342884836845484,0.9166666666666666,0.027777777777777776,0.004663073806520659,0.06251288788837733,5.5711609547090705e-09,0.0034107707305670283,5
pems-bay,pems-bay,original,70,2,0.6037174165248871,0.0,0.0,0.0,0.006172839506172839,0.006058173756832167,0.060605784225829115,1.634995933633091e-07,0.0015820067362216981,0
pems-bay,pems-bay,original,71,8,3.7882499247789383,0.6428571428571429,0.3043730330540481,0.8214285714285714,0.024691358024691357,0.0,0.05637115224420928,8.463547574831491e-11,0.0024432765644564255,5
pems-bay,pems-bay,original,72,22,10.961742356419563,0.6493506493506493,0.3191729863634947,0.8246753246753247,0.06790123456790123,0.007415051790696785,0.08956212894449887,0.00011593424305344841,0.004170376492339449,0
pems-bay,pems-bay,original,73,9,4.264531776309013,0.6111111111111112,0.2982023347915288,0.8055555555555556,0.027777777777777776,0.0,0.08414364983005257,1.0763895639558608e-05,0.0022056484502866085,0
pems-bay,pems-bay,original,74,12,4.012506373226643,0.5,0.18166422475572963,0.7449494949494949,0.037037037037037035,0.0,0.04749602052805417,4.590396045460642e-08,0.002720867235022932,5
pems-bay,pems-bay,original,75,13,8.136577427387238,0.7564102564102564,0.45460562853917647,0.8782051282051282,0.040123456790123455,0.0028284218170699076,0.050375021292895526,2.8051793067903186e-11,0.004218943312792999,3
pems-bay,pems-bay,original,76,14,8.527744427323341,0.7912087912087912,0.46653911286066607,0.8956043956043956,0.043209876543209874,0.0021213163628024307,0.06673748715352228,4.5817974984183336e-07,0.003492765662885709,6
pems-bay,pems-bay,original,77,0,0.0,0.0,0.0,0.0,0.0,0.0,0.0,-3.547536194599572e-18,0.0004688965301656768,16
pems-bay,pems-bay,original,78,20,8.666379392147064,0.6578947368421053,0.30586255681465135,0.8289473684210527,0.06172839506172839,0.048064059931964984,0.0742346958912035,0.08302176774211888,0.0025483178105023064,4
pems-bay,pems-bay,original,79,8,4.221498966217041,0.6785714285714286,0.3463960909426616,0.8392857142857143,0.024691358024691357,0.0017582081565569697,0.047836578394624255,4.533693654658074e-11,0.003141037901117853,7
pems-bay,pems-bay,original,80,8,3.495332218706608,0.4642857142857143,0.22980645291674381,0.7142857142857144,0.024691358024691357,0.0,0.05899887880369573,4.738895917136719e-09,0.0024066387220518922,7
pems-bay,pems-bay,original,81,9,3.776643082499504,0.5555555555555556,0.2519472871746289,0.7592592592592594,0.027777777777777776,0.009058594197913083,0.06423416320160309,2.3028955424091906e-08,0.0027231758636689215,3
pems-bay,pems-bay,original,82,15,5.997515767812729,0.4666666666666667,0.21815823836684858,0.7333333333333333,0.046296296296296294,0.002312425945036884,0.08402506654957281,2.1681582637435122e-05,0.002678192046700748,6
pems-bay,pems-bay,original,83,13,4.4208007752895355,0.4358974358974359,0.167977922782344,0.7008547008547008,0.040123456790123455,0.003439972480220158,0.048622630624079816,1.2679471970993355e-07,0.0029709058570617135,5
pems-bay,pems-bay,original,84,19,9.432195514440536,0.5497076023391813,0.2985973917546383,0.7709551656920078,0.05864197530864197,0.00015288766578756258,0.07574888689700948,1.8687615997881037e-06,0.003776471326725989,6
pems-bay,pems-bay,original,85,7,3.535920262336731,0.5714285714285714,0.3053217344259239,0.7698412698412699,0.021604938271604937,0.0023315369032603293,0.058224203243758994,1.3155469849817489e-09,0.0026036644264203967,3
pems-bay,pems-bay,original,86,5,2.509369917213917,1.0,0.44419230528996484,1.0,0.015432098765432098,0.0,0.07085196229488394,2.22484102174491e-06,0.001983494602902287,11
pems-bay,pems-bay,original,87,23,15.586189240217209,0.857707509881423,0.566671489492219,0.9288537549407114,0.07098765432098765,0.005083514887436456,0.06496467360869278,0.22896820253539865,0.0036735136983789547,4
pems-bay,pems-bay,original,88,13,3.968445084989071,0.41025641025641024,0.15824585728425125,0.5128205128205128,0.040123456790123455,0.01095057906203417,0.07262883667456982,0.007663988419486896,0.0020578777184213958,12
pems-bay,pems-bay,original,89,15,7.368189439177513,0.7333333333333333,0.3713016548497126,0.865079365079365,0.046296296296296294,0.0004395520391392424,0.06574841207833534,1.4131889324554227e-05,0.002967067421306792,0
pems-bay,pems-bay,original,90,13,7.171698719263077,0.6794871794871795,0.38905032590674454,0.8397435897435898,0.040123456790123455,0.005331957344341245,0.054118515201145447,5.817689814721873e-09,0.003379191065855367,2
pems-bay,pems-bay,original,91,6,3.464856907725334,0.7333333333333333,0.4023262037812377,0.8666666666666667,0.018518518518518517,0.006000840882161831,0.06282132031867314,2.4976481163816515e-06,0.0030752533582189406,1
pems-bay,pems-bay,original,92,0,0.0,0.0,0.0,0.0,0.0,0.0,0.0,3.3697599755804793e-18,0.0004688965301656768,17
pems-bay,pems-bay,original,93,10,4.733873762190342,0.4888888888888889,0.24321708545703463,0.7444444444444445,0.030864197530864196,0.010816802354470053,0.05878305924777463,1.1625149650778561e-08,0.003190096022869321,7
pems-bay,pems-bay,original,94,12,5.933966763317585,0.5303030303030303,0.26558565061947736,0.7348484848484849,0.037037037037037035,0.11059511523907808,0.06699413309251488,2.169630458884336e-08,0.0036055205737516058,5
pems-bay,pems-bay,original,95,8,4.5847000777721405,0.5357142857142857,0.26780732536342156,0.7678571428571429,0.024691358024691357,0.006000840882161831,0.049694373689401154,2.9839631855877997e-07,0.0030514745814303177,5
pems-bay,pems-bay,original,96,8,5.280100390315056,0.9285714285714286,0.5576864037856746,0.9642857142857143,0.024691358024691357,0.01630164736459886,0.06457674527209362,2.821354410089566e-08,0.003376839786513867,3
pems-bay,pems-bay,original,97,24,11.578921563923359,0.5144927536231884,0.24441162623780702,0.7463768115942029,0.07407407407407407,0.013511447463975843,0.08888403049150485,8.891333778590195e-05,0.004641121791815472,0
pems-bay,pems-bay,original,98,10,5.561473309993744,0.7333333333333333,0.3991173592561277,0.8666666666666667,0.030864197530864196,0.04408898062148836,0.0599467697619976,1.2851884606078032e-08,0.0033645361436198807,5
pems-bay,pems-bay,original,99,17,7.092676788568497,0.4852941176470588,0.20887464814649384,0.7426470588235294,0.05246913580246913,0.005847953216374269,0.08229989411493653,2.588815679260737e-05,0.003277369033899266,0
pems-bay,pems-bay,original,100,5,2.8822704553604126,1.0,0.4911619938684117,1.0,0.015432098765432098,0.0,0.07217745058067535,3.0258913535066756e-06,0.002210848658430244,11
pems-bay,pems-bay,original,101,9,3.938135802745819,0.6666666666666666,0.31157802937367063,0.8333333333333334,0.027777777777777776,0.0,0.05969288283638668,1.2906567432787918e-08,0.0026527733501808823,3
pems-bay,pems-bay,original,102,23,10.56473870575428,0.42292490118577075,0.21104662807489355,0.6949934123847166,0.07098765432098765,0.10428849902534112,0.08841291184652003,6.050903011717521e-05,0.004461976437439742,0
pems-bay,pems-bay,original,103,15,8.88908076286316,0.7619047619047619,0.44189606740853743,0.8809523809523809,0.046296296296296294,0.003153308106868478,0.06782200881619385,5.662598451145959e-07,0.003601798003105673,6
pems-bay,pems-bay,original,104,13,4.921937584877014,0.5128205128205128,0.21761409655925945,0.7307692307692303,0.040123456790123455,0.034896609716011155,0.05588082097497467,3.512794836596814e-08,0.0030503327138322947,5
pems-bay,pems-bay,original,105,11,5.827184855937958,0.6909090909090909,0.3652800101392992,0.8454545454545455,0.033950617283950615,0.011141688644268623,0.05805334355827518,2.6326320318823423e-08,0.0027777962525545184,2
pems-bay,pems-bay,original,106,8,4.9717568308115005,0.9285714285714286,0.5273397095166451,0.9642857142857143,0.024691358024691357,9.55547911172266e-05,0.06275381563702803,2.2997881644102058e-08,0.0032136880981780097,3
pems-bay,pems-bay,original,107,14,8.38010735809803,0.7472527472527473,0.4384526409921671,0.8717948717948717,0.043209876543209874,0.0014524328249818444,0.06797865326319533,1.0129238324067772e-07,0.0035149639822598974,2
pems-bay,pems-bay,original,108,9,5.537400528788567,0.8333333333333334,0.4738635587150511,0.9166666666666666,0.027777777777777776,0.004892405305202002,0.06879625936734424,4.689734311769076e-08,0.0035003090236586454,3
pems-bay,pems-bay,original,109,17,9.172979891300201,0.6691176470588235,0.3677792502443917,0.8345588235294118,0.05246913580246913,0.007625272331154683,0.0761193898219073,1.9348058436748165e-06,0.0036648124485659777,6
pems-bay,pems-bay,original,110,17,10.325886771082878,0.75,0.4475583387079063,0.875,0.05246913580246913,0.011810572182089208,0.07105519809344159,2.8374039145943035e-05,0.003794336000584852,0
pems-bay,pems-bay,original,111,11,6.974938705563545,0.7818181818181819,0.4791785722259646,0.8909090909090909,0.033950617283950615,0.0,0.055512353281842876,2.0443182895559496e-08,0.00333622872014054,2
pems-bay,pems-bay,original,112,9,5.549805968999863,0.8333333333333334,0.47539605589188016,0.9166666666666666,0.027777777777777776,0.011791461223865764,0.06316385755870767,5.127062806691869e-09,0.003363990533767585,5
pems-bay,pems-bay,original,113,5,3.310514450073242,0.9,0.5291886165191556,0.95,0.015432098765432098,0.006058173756832167,0.05841322321132735,6.351705451582957e-07,0.0030897631615203055,1
pems-bay,pems-bay,original,114,6,3.5478555262088776,0.6666666666666666,0.3963089916450998,0.8333333333333334,0.018518518518518517,0.06744257157053854,0.05919631243201145,1.6869619103088016e-09,0.002643064154439205,3
pems-bay,pems-bay,original,115,4,2.155244916677475,1.0,0.42975419189093067,1.0,0.012345679012345678,0.0,0.06359310017305678,2.37908905382898e-07,0.002123351826926391,0
pems-bay,pems-bay,original,116,23,14.389721482992172,0.857707509881423,0.5278283835459039,0.9288537549407114,0.07098765432098765,0.0261437908496732,0.0672567518142006,0.20313206719149673,0.0034739268319657376,4
pems-bay,pems-bay,original,117,11,6.503895655274391,0.6,0.31915131816439113,0.8,0.033950617283950615,0.011963459847876771,0.0495673444249263,6.822761820983274e-08,0.004007158285542751,5
pems-bay,pems-bay,original,118,11,5.834705874323845,0.6727272727272727,0.35005060043069125,0.8363636363636363,0.033950617283950615,0.017945189771815157,0.05578068312108999,1.1183414674010834e-08,0.0028297425314798104,2
pems-bay,pems-bay,original,119,10,6.128250978887081,0.9111111111111111,0.5265385887905584,0.9555555555555556,0.030864197530864196,1.9110958223445322e-05,0.04830765468667531,1.8394084716818078e-11,0.003227952875855004,3
pems-bay,pems-bay,original,120,10,4.920212313532829,0.5777777777777777,0.29873919868563265,0.6888888888888889,0.030864197530864196,0.019474066429690785,0.048244786234550356,2.3237400347074237e-10,0.003420920850636276,7
pems-bay,pems-bay,original,121,13,6.675376698374748,0.717948717948718,0.3727860265205864,0.8589743589743589,0.040123456790123455,0.0016244314489928524,0.0814462869008783,6.199254124149716e-06,0.002847881887187429,6
pems-bay,pems-bay,original,122,17,9.40995130687952,0.6617647058823529,0.379543668208265,0.829656862745098,0.05246913580246913,0.01339678171463517,0.07248905646020808,1.0192012650321665e-06,0.0037576131553419437,6
pems-bay,pems-bay,original,123,10,5.42650493979454,0.7333333333333333,0.38405672809936314,0.8666666666666667,0.030864197530864196,0.0,0.06930355322130322,5.054301409590697e-08,0.003451036606580358,3
pems-bay,pems-bay,original,124,12,5.924322888255119,0.6363636363636364,0.3145867476287898,0.8131313131313131,0.037037037037037035,9.55547911172266e-05,0.0564762952442087,1.566505670404555e-08,0.002851153600649036,2
pems-bay,pems-bay,original,125,22,9.792633891105652,0.7272727272727273,0.3367280394003854,0.8578643578643577,0.06790123456790123,0.012250124221228452,0.07251224039550593,0.10791591356143117,0.0027105388726947335,4
pems-bay,pems-bay,original,126,8,4.524113520979881,0.75,0.39876463578020477,0.875,0.024691358024691357,0.0,0.0835504426729907,1.8609307082593404e-05,0.0024761825926997182,10
pems-bay,pems-bay,original,127,9,5.6334215849637985,0.8333333333333334,0.4819580139606072,0.9166666666666666,0.027777777777777776,0.004911516263425448,0.0679547026948849,4.225380436345737e-08,0.0035567698262468682,3
pems-bay,pems-bay,original,128,8,3.9651379883289337,0.39285714285714285,0.18223725572021202,0.6488095238095237,0.024691358024691357,0.053568015900317234,0.08661520342031302,2.227203008416945e-05,0.002354575430210139,11
pems-bay,pems-bay,original,129,7,3.592248573899269,0.6190476190476191,0.3264682485538374,0.8095238095238095,0.021604938271604937,0.004319076558498643,0.059311846702376804,8.093156429804213e-10,0.002459625570914757,5
pems-bay,pems-bay,original,130,17,10.290024608373642,0.75,0.44702618837237673,0.875,0.05246913580246913,0.0068608340022168705,0.07157910745281809,2.8785633410315717e-05,0.003784206750280815,0
pems-bay,pems-bay,original,131,5,0.8380542621016502,0.4,0.12163559547523717,0.4,0.015432098765432098,0.0,0.06253298493271166,4.932845802469063e-05,0.0007622599072900998,6
pems-bay,pems-bay,original,132,14,6.147463575005531,0.6043956043956044,0.2797636534656113,0.7912087912087914,0.043209876543209874,0.01662653365439743,0.052596928383594074,4.5606638783222405e-09,0.002974089040940358,2
pems-bay,pems-bay,original,133,8,3.159025087952614,0.4642857142857143,0.19716861939724678,0.6726190476190474,0.024691358024691357,0.02042961434086305,0.051207499835683845,6.208890487539105e-10,0.0025809280046726842,7
pems-bay,pems-bay,original,134,22,10.922578126192093,0.5714285714285714,0.28096899525506425,0.7857142857142857,0.06790123456790123,0.0046439628482972135,0.08474528474664227,0.0002386555693954752,0.004164762131860086,0
pems-bay,pems-bay,original,135,6,3.7562632262706757,0.8,0.4769136666565224,0.9,0.018518518518518517,0.004892405305202002,0.04877200849918744,4.634703586284269e-11,0.0028989087666966753,7
pems-bay,pems-bay,original,136,23,11.733700051903725,0.758893280632411,0.3986910585053713,0.8794466403162056,0.07098765432098765,0.03363528647326377,0.07033409700886777,0.14524746412625536,0.0030665083926736288,4
pems-bay,pems-bay,original,137,11,7.267713934183121,0.8,0.5170275019908052,0.9,0.033950617283950615,0.0,0.054813634497001544,6.451672707841047e-09,0.0034160578631505694,2
pems-bay,pems-bay,original,138,10,5.414968408644199,0.6666666666666666,0.35140403662903036,0.8259259259259261,0.030864197530864196,0.01813629935404961,0.05110226015388467,2.1767712866846677e-10,0.003604699403058005,7
pems-bay,pems-bay,original,139,18,11.29042100906372,1.0,0.6259934060356681,1.0,0.05555555555555555,0.0,0.05683187131259289,0.1812463041235133,0.0027062943361359764,4
pems-bay,pems-bay,original,140,18,11.26801435649395,1.0,0.625058385464428,1.0,0.05555555555555555,0.0,0.05681437616335007,0.18090312747921958,0.002701780528097948,4
pems-bay,pems-bay,original,141,21,9.110279738903046,0.48095238095238096,0.2340094930843143,0.7404761904761905,0.06481481481481481,0.09123571455872796,0.08290208842430234,0.0008929453871552952,0.0036924380084485406,1
pems-bay,pems-bay,original,142,21,8.620118513703346,0.44285714285714284,0.20451369162809283,0.7214285714285714,0.06481481481481481,0.03095975232198142,0.08089292612136496,8.965332633672989e-05,0.003617848832680729,0
pems-bay,pems-bay,original,143,7,3.625209763646126,0.6190476190476191,0.3196245828901613,0.7936507936507935,0.021604938271604937,0.04938271604938271,0.057663806366268354,2.2059692696403931e-10,0.0024426036055553136,5
pems-bay,pems-bay,original,144,6,3.6268523782491684,0.6666666666666666,0.40577574944787503,0.8222222222222222,0.018518518518518517,0.005408401177235026,0.060473793268331834,4.661862649195159e-09,0.002711019914354588,3
pems-bay,pems-bay,original,145,25,10.792135916650295,0.3933333333333333,0.19619484649065205,0.6966666666666667,0.07716049382716049,0.0030577533157512514,0.08154434562602972,0.0014792224840620403,0.004172636017351874,1
pems-bay,pems-bay,original,146,8,3.303686074912548,0.42857142857142855,0.20876617366971906,0.6904761904761905,0.024691358024691357,0.061040400565684355,0.05883944847235345,4.056701754731933e-09,0.002275611043735818,7
pems-bay,pems-bay,original,147,12,5.4411559626460075,0.5606060606060606,0.25579237598324106,0.7462121212121212,0.037037037037037035,0.05175247486908993,0.08294401240354483,0.00019961501260541844,0.00278508746066292,1
pems-bay,pems-bay,original,148,23,11.465356335043907,0.4980237154150198,0.2578117476764382,0.7417654808959154,0.07098765432098765,0.028609104460497647,0.06838722642474901,0.00011483705551924033,0.004122555335933781,1
pems-bay,pems-bay,original,149,17,7.306903995573521,0.4852941176470588,0.21347556338530344,0.7426470588235294,0.05246913580246913,0.0684363413981577,0.08274404858132427,2.6973201963523007e-05,0.003350481530439557,0
pems-bay,pems-bay,original,150,21,10.490360736846924,0.5142857142857142,0.2708789279668414,0.7444444444444444,0.06481481481481481,0.03648281924855712,0.06791944346320915,4.179893195577158e-05,0.0039938123475340955,0
pems-bay,pems-bay,original,151,23,11.794411331415176,0.5889328063241107,0.29848983931975687,0.792490118577075,0.07098765432098765,0.005847953216374269,0.0899530105353797,0.00013813397721290698,0.004428509935222903,0
pems-bay,pems-bay,original,152,20,15.147679150104523,0.968421052631579,0.6828928513745645,0.9842105263157894,0.06172839506172839,0.0,0.060061157356012654,0.23818434416905931,0.0034942978443475354,4
pems-bay,pems-bay,original,153,8,5.586768999695778,1.0,0.6531004960584842,1.0,0.024691358024691357,0.0,0.0636897726828233,3.6425986970126736e-06,0.0026836250236057196,0
pems-bay,pems-bay,original,154,8,5.235919952392578,1.0,0.6225581249688368,1.0,0.024691358024691357,0.0,0.06301613260807165,3.25598890422668e-06,0.0025437524682541033,0
pems-bay,pems-bay,original,155,11,6.379182197153568,0.6,0.31578258794677727,0.8,0.033950617283950615,0.0,0.049410682415887155,6.61695397322837e-08,0.003936429505119718,5
pems-bay,pems-bay,original,156,12,6.305664986371994,0.45454545454545453,0.24076251268071333,0.45454545454545453,0.037037037037037035,0.06513014562550165,0.05918935144352723,5.835610793863686e-09,0.003123532577939973,8
pems-bay,pems-bay,original,157,8,5.093270242214203,0.9285714285714286,0.5337772478775509,0.9642857142857143,0.024691358024691357,0.0010319917440660474,0.0603474277307287,1.2255599437640927e-08,0.0025418643337291793,2
pems-bay,pems-bay,original,158,19,8.367612898349762,0.5263157894736842,0.23536279344424738,0.7563352826510723,0.05864197530864197,0.011160799602492067,0.08472009664969102,7.974440494158044e-05,0.0034213968336653817,0
pems-bay,pems-bay,original,159,11,6.326298460364342,0.6,0.3142902057052241,0.8,0.033950617283950615,0.0,0.049352665589734876,6.54109739550232e-08,0.0039067000623818765,5
pems-bay,pems-bay,original,160,18,7.640409789979458,0.48366013071895425,0.21559522036429898,0.7352941176470589,0.05555555555555555,0.01339678171463517,0.08575792629517008,6.44857121329505e-05,0.0032375583822094986,0
pems-bay,pems-bay,original,161,20,15.168129950761795,0.968421052631579,0.6837101207635958,0.9842105263157894,0.06172839506172839,1.9110958223445322e-05,0.06009129535682832,0.23847571622975175,0.003498558703100659,4
pems-bay,pems-bay,original,162,22,16.20634886622429,0.9047619047619048,0.6275360914332204,0.9523809523809523,0.06790123456790123,0.006421281963077628,0.06230764092656086,0.24863424998436326,0.0037396775671813863,4
pems-bay,pems-bay,original,163,22,16.2039455473423,0.9047619047619048,0.6273467709455678,0.9523809523809523,0.06790123456790123,0.0,0.06227935711364834,0.24866977490469774,0.0037387752966602647,4
pems-bay,pems-bay,original,164,13,6.10540683567524,0.5641025641025641,0.27844486962325804,0.782051282051282,0.040123456790123455,0.06405993196498871,0.08591560979445328,2.4182918840382368e-05,0.002941119720700439,0
pems-bay,pems-bay,original,165,20,10.415721073746681,0.531578947368421,0.2954340134680172,0.7657894736842106,0.06172839506172839,0.0008217712036081488,0.06787189095168886,3.617538420623801e-05,0.003942962736313978,0
pems-bay,pems-bay,original,166,21,10.546777956187725,0.5190476190476191,0.2809494819493069,0.7555555555555556,0.06481481481481481,0.007625272331154683,0.06817903827277047,3.672440738468493e-05,0.003978089814613728,0
pems-bay,pems-bay,original,167,25,11.290232382714748,0.47,0.23132104014090232,0.7222222222222213,0.07716049382716049,0.01249856667813324,0.06920957524171721,0.00015388875780017225,0.004067970194624624,1
pems-bay,pems-bay,original,168,17,10.234375923871994,0.7573529411764706,0.44770417877655455,0.877450980392157,0.05246913580246913,0.00011466574934067194,0.07200454389011726,2.854463131028019e-05,0.0037772262694522937,0
pems-bay,pems-bay,original,169,17,10.325075894594193,0.7794117647058824,0.46105685709652555,0.8897058823529411,0.05246913580246913,0.016855865153078773,0.07418795263554302,0.00032078462388457563,0.0036946470793861584,1
pems-bay,pems-bay,original,170,17,7.6999401897192,0.4632352941176471,0.21059627164844577,0.7316176470588235,0.05246913580246913,0.07850781638191338,0.08188627906853699,0.0028752959713487358,0.003139379231937614,4
pems-bay,pems-bay,original,171,17,7.676833637058735,0.4632352941176471,0.2102116220418997,0.7316176470588235,0.05246913580246913,0.0011275465351832739,0.0817975883542628,0.0028639981706137063,0.003132045737513769,4
pems-bay,pems-bay,original,172,1,0.2627507448196411,0.0,0.0,0.0,0.0030864197530864196,0.0,0.0491024591043224,3.024301614132897e-09,0.001054541883836007,0
pems-bay,pems-bay,original,173,4,1.9398790150880814,1.0,0.48842442372599765,1.0,0.012345679012345678,0.0,0.05286682880759894,1.255324578045368e-07,0.0020363998221371747,1
pems-bay,pems-bay,original,174,10,7.300671949982643,0.8888888888888888,0.6028288480840981,0.9444444444444444,0.030864197530864196,0.010319917440660473,0.05552267451857208,7.512447948068364e-09,0.0034299789014079454,2
pems-bay,pems-bay,original,175,7,3.9320510178804398,0.7619047619047619,0.39828471822702705,0.8809523809523809,0.021604938271604937,0.0007835492871612582,0.06884123399829144,1.582982521208317e-06,0.0025012443951908767,10
pems-bay,pems-bay,original,176,9,3.7635584697127342,0.5277777777777778,0.22762221957004605,0.7453703703703706,0.027777777777777776,0.0,0.0654401821512475,8.061351796038892e-07,0.002384824569273667,10
pems-bay,pems-bay,original,177,11,6.894468620419502,0.7818181818181819,0.47475367346359015,0.8909090909090909,0.033950617283950615,0.0,0.0554627354600051,2.1521961384782802e-08,0.0033066688683064454,2
pems-bay,pems-bay,original,178,7,3.126919686794281,1.0,0.49303717173357836,1.0,0.021604938271604937,0.0,0.05639060718096013,5.862407499579989e-08,0.0016274803947346887,6
pems-bay,pems-bay,original,179,9,5.047253131866455,0.9444444444444444,0.5240225908148878,0.9722222222222222,0.027777777777777776,0.0,0.05925732977092416,1.2129728791184263e-07,0.002345510536626133,6
pems-bay,pems-bay,original,180,7,3.3310691714286804,1.0,0.5338417637403093,1.0,0.021604938271604937,0.0,0.04633290514351793,1.027552359621063e-11,0.0019409645840750584,3
pems-bay,pems-bay,original,181,18,9.694862619042397,0.7189542483660131,0.38519846006951164,0.8594771241830066,0.05555555555555555,0.024423804609563123,0.07576106671119484,3.087442381894562e-05,0.0036491417805744187,0
pems-bay,pems-bay,original,182,18,10.235594995319843,0.7516339869281046,0.4142504420248612,0.8758169934640523,0.05555555555555555,0.034208615219967126,0.07763651665847258,0.00040994652552164634,0.0037274413672446424,1
pems-bay,pems-bay,original,183,8,4.56386374682188,0.9285714285714286,0.48427434501678734,0.9642857142857143,0.024691358024691357,0.0,0.05971426874089689,9.481751590166648e-09,0.0023300707197467974,2
pems-bay,pems-bay,original,184,7,2.9736941680312157,0.42857142857142855,0.19327404094107012,0.7142857142857143,0.021604938271604937,0.03439972480220158,0.054222519325728046,4.920001721246524e-06,0.0021607362440780285,5
pems-bay,pems-bay,original,185,7,2.9854718670248985,0.42857142857142855,0.1935884994261421,0.7142857142857143,0.021604938271604937,0.0,0.05403980368967298,4.874011385310021e-06,0.0021677585864383854,5
pems-bay,pems-bay,original,186,17,8.445896655321121,0.5735294117647058,0.30129323049711154,0.7855392156862746,0.05246913580246913,0.0002866643733516798,0.06670373774141604,2.438220565614363e-07,0.0035387565047708537,2
pems-bay,pems-bay,original,187,18,8.562822252511978,0.5424836601307189,0.2790403503382272,0.7701525054466232,0.05555555555555555,0.00118487940985361,0.06679005704041148,1.0790888770262867e-07,0.003684216613681537,2
pems-bay,pems-bay,original,188,22,9.173281982541084,0.38961038961038963,0.18464291998333812,0.5941558441558444,0.06790123456790123,0.09503879524519358,0.06764196792458395,1.6452719255847763e-07,0.00404053182671361,2
pems-bay,pems-bay,original,189,11,6.193310439586639,0.7818181818181819,0.4179058710156309,0.8909090909090909,0.033950617283950615,0.06933455643465963,0.06338449374523637,2.2775515659623092e-08,0.0029381282695243724,2
pems-bay,pems-bay,original,190,12,6.202755130827427,0.4696969696969697,0.2664364604937029,0.7348484848484849,0.037037037037037035,0.0007262164124909222,0.07732331379069622,0.00039882622953454086,0.003187726451975507,12
pems-bay,pems-bay,original,191,26,8.588638469576836,0.26153846153846155,0.0956099895727404,0.4682051282051281,0.08024691358024691,0.10883690708252111,0.08272444649191533,0.00036354646028410615,0.004057865631300303,12
pems-bay,pems-bay,original,192,7,5.351227730512619,1.0,0.6896806305034613,1.0,0.021604938271604937,0.0,0.07715786886005373,0.00026472666898743794,0.0028569530018903748,12
pems-bay,pems-bay,original,193,20,7.977117642760277,0.4263157894736842,0.19895826047835943,0.6736842105263169,0.06172839506172839,0.07673049726713296,0.07845348913868701,0.04044361443189753,0.0027109831424425397,4
pems-bay,pems-bay,original,194,13,8.486106261610985,0.8076923076923077,0.5106544707221062,0.9038461538461539,0.040123456790123455,0.007701716164048465,0.052509100446299424,4.693724394934634e-11,0.003767101854888068,8
pems-bay,pems-bay,original,195,13,7.47786969691515,0.7564102564102564,0.4218768004586268,0.8782051282051282,0.040123456790123455,0.026258456599013873,0.052902367857937296,3.015027006901122e-11,0.003849060623453917,3
pems-bay,pems-bay,original,196,17,10.051420539617538,0.7720588235294118,0.4408098065324062,0.8860294117647058,0.05246913580246913,0.012594121469250466,0.07797924166440852,0.0004194433324908432,0.003678048586423169,1
pems-bay,pems-bay,original,197,7,4.660873427987099,1.0,0.6212049836517133,1.0,0.021604938271604937,0.0,0.0762598650196168,0.0001837977374167164,0.00253895672613742,12
pems-bay,pems-bay,original,198,7,4.647427409887314,1.0,0.6199198649921349,1.0,0.021604938271604937,0.0,0.07624223813380254,0.00018273326841948548,0.002532751115389577,12
pems-bay,pems-bay,original,199,7,4.219352677464485,1.0,0.5868777666365987,1.0,0.021604938271604937,0.0,0.06483826979908038,1.1991968320186474e-05,0.002109689292469869,0
pems-bay,pems-bay,original,200,11,6.6028857827186584,0.8,0.4574371840382049,0.9,0.033950617283950615,0.0068608340022168705,0.07241804880655314,4.1575271497118625e-05,0.0029187706987295224,0
pems-bay,pems-bay,original,201,21,8.920041173696518,0.5904761904761905,0.25802532053515875,0.7936507936507937,0.06481481481481481,0.017906967855368265,0.08057257717464432,0.0001366433175265487,0.003560240509489746,0
pems-bay,pems-bay,original,202,16,7.216182306408882,0.5416666666666666,0.2690802059785178,0.7597222222222224,0.04938271604938271,0.02704200588617513,0.07850503281330894,4.31599989324447e-05,0.0031033018980256345,0
pems-bay,pems-bay,original,203,18,8.156982347369194,0.6601307189542484,0.2975913795757594,0.8300653594771242,0.05555555555555555,0.007185720292015441,0.07880455250033556,7.589119323949789e-05,0.003333013303706318,0
pems-bay,pems-bay,original,204,14,7.013883605599403,0.6153846153846154,0.32792501394061885,0.8076923076923077,0.043209876543209874,0.011829683140312654,0.07546723064749591,2.8147344969825953e-05,0.0030895928333074135,0
pems-bay,pems-bay,original,205,17,7.5448636040091515,0.6397058823529411,0.2761840152077669,0.8198529411764706,0.05246913580246913,0.006727057294652753,0.07524237992323926,9.653928154526625e-05,0.0031872455104940307,0
pems-bay,pems-bay,original,206,12,6.972284525632858,0.696969696969697,0.4141253657642558,0.8484848484848485,0.037037037037037035,0.0013186561174177273,0.07196456527561707,1.6765259709688057e-05,0.0031306306650990498,0
pems-bay,pems-bay,original,207,11,6.952279955148697,0.7454545454545455,0.4664922959431982,0.8727272727272727,0.033950617283950615,0.01658831173795054,0.07011343664662126,1.1891609078416209e-05,0.003163543444889982,0
pems-bay,pems-bay,original,208,10,6.093973785638809,0.8444444444444444,0.4789736324949351,0.9222222222222223,0.030864197530864196,0.0021595382792493215,0.07035002769835287,3.106395261796267e-05,0.0027760349655688455,0
pems-bay,pems-bay,original,209,8,6.15056774020195,1.0,0.7039012582988665,1.0,0.024691358024691357,0.0,0.065158493605239,4.500305066041364e-06,0.002903078020250478,0
pems-bay,pems-bay,original,210,7,4.479490399360657,1.0,0.6125527931580622,1.0,0.021604938271604937,0.0,0.06551774361395639,1.3131011591350772e-05,0.0022108509760506716,0
pems-bay,pems-bay,original,211,10,6.089852407574654,0.8,0.49507181933166977,0.9,0.030864197530864196,0.03694148224591981,0.05711851691622227,3.0678402967947676e-08,0.003003321626076765,2
pems-bay,pems-bay,original,212,9,3.652268297970295,0.5555555555555556,0.23831149476181787,0.763888888888889,0.027777777777777776,0.040744562932385424,0.0640619775027695,4.873579043297116e-07,0.0022799524727913,10
pems-bay,pems-bay,original,213,11,7.017418809235096,0.7818181818181819,0.48150514902508246,0.8909090909090909,0.033950617283950615,0.0,0.055535342776011125,1.9850803039507238e-08,0.003351741379692517,2
pems-bay,pems-bay,original,214,13,6.825957089662552,0.6794871794871795,0.3755652819883957,0.8397435897435898,0.040123456790123455,0.010281695524213583,0.05392071731622273,5.068320855500005e-09,0.0032401841458622274,2
pems-bay,pems-bay,original,215,8,4.577450305223465,0.7142857142857143,0.40793989323521146,0.8571428571428571,0.024691358024691357,0.00624928333906662,0.07576082684761926,9.2306420585923e-06,0.002708177044455108,10
pems-bay,pems-bay,original,216,10,5.740141525864601,0.7111111111111111,0.3996090070565528,0.8518518518518519,0.030864197530864196,3.8221916446890644e-05,0.053922666524089835,6.1549110886518175e-09,0.0028070604654153813,2
pems-bay,pems-bay,original,217,26,12.481579780578613,0.38153846153846155,0.18327569422867493,0.6312820512820501,0.08024691358024691,0.21553338684401635,0.09102912184309249,0.0002230575837764724,0.0051244167225246336,0
pems-bay,pems-bay,original,218,19,9.733825460076332,0.49707602339181284,0.2703934944083063,0.724171539961014,0.05864197530864197,0.07229675495929365,0.07101941686616003,4.6814499201819894e-07,0.004006427347193741,2
pems-bay,pems-bay,original,219,22,10.4527048766613,0.4675324675324675,0.23888350011143977,0.7204184704184706,0.06790123456790123,0.10983067691014027,0.07816122750228713,2.7643599472358265e-06,0.004182447818176749,6
pems-bay,pems-bay,original,220,15,8.391845688223839,0.6666666666666666,0.380712843953246,0.8333333333333334,0.046296296296296294,0.0007835492871612582,0.06781177702549973,1.0126376862266315e-07,0.0035536837580714092,2
pems-bay,pems-bay,original,221,22,10.539804093539715,0.43722943722943725,0.23559400037906586,0.6911976911976908,0.06790123456790123,0.15795206971677558,0.07474305916989894,1.1629037861213054e-06,0.00423772458041703,6
pems-bay,pems-bay,original,222,17,8.485819689929485,0.5955882352941176,0.3121351072962452,0.7977941176470589,0.05246913580246913,0.0003439972480220158,0.06704400532340345,9.592334169863281e-08,0.003643130627753428,2
pems-bay,pems-bay,original,223,16,9.245429426431656,0.7416666666666667,0.4226086946621906,0.8708333333333333,0.04938271604938271,0.00886748461567863,0.070813738065257,8.439184649332731e-07,0.003690347509439441,6
pems-bay,pems-bay,original,224,10,5.848711729049683,0.8222222222222222,0.4456946483681732,0.9111111111111111,0.030864197530864196,0.0,0.06260742800709672,1.8671509145213766e-08,0.0028211676569562445,2
pems-bay,pems-bay,original,225,10,6.187405809760094,0.9111111111111111,0.5450885027841558,0.9555555555555556,0.030864197530864196,0.0016435424072162976,0.06107994693682395,1.7661470862775904e-07,0.002742124709268548,6
pems-bay,pems-bay,original,226,23,11.31407979875803,0.6284584980237155,0.3041745252815503,0.8142292490118577,0.07098765432098765,0.08917173107059587,0.09000611663275584,0.0001220888522715838,0.004280138374141727,0
pems-bay,pems-bay,original,227,23,11.32043381035328,0.6284584980237155,0.3044353951066995,0.8142292490118577,0.07098765432098765,0.003726636853571838,0.08995941325909138,0.00012144475751377867,0.004284903436137827,0
pems-bay,pems-bay,original,228,8,4.394527167081833,0.5,0.2693393975032279,0.75,0.024691358024691357,0.1420135305584222,0.07890096141435303,6.897862921457266e-06,0.0030248712711678544,11
pems-bay,pems-bay,original,229,21,10.698167890310287,0.6095238095238096,0.32470897493259804,0.8047619047619048,0.06481481481481481,0.0719336467530482,0.07163811936737124,0.00023248893025278348,0.0038189524163402305,1
pems-bay,pems-bay,original,230,18,10.369027607142925,0.6928104575163399,0.3996530667343033,0.8442265795206972,0.05555555555555555,0.036712150747238464,0.07025877843533304,2.810964262261804e-05,0.0038361851341920964,0
pems-bay,pems-bay,original,231,21,10.705098614096642,0.6095238095238096,0.32750887854553357,0.8047619047619048,0.06481481481481481,0.008198601077858043,0.07230420302014144,0.00025868071076035634,0.003817998237038515,1
pems-bay,pems-bay,original,232,17,10.322114452719688,0.7794117647058824,0.4610621133037909,0.8897058823529411,0.05246913580246913,1.9110958223445322e-05,0.07402319117889558,0.0003160455909328781,0.0036927881997482715,1
pems-bay,pems-bay,original,233,17,10.317860782146454,0.7941176470588235,0.4636092436737656,0.8970588235294118,0.05246913580246913,0.04324809845965676,0.0759928946503532,0.0003675283832412991,0.0037155931365454946,1
pems-bay,pems-bay,original,234,18,10.242068000137806,0.7516339869281046,0.41460967323279274,0.8758169934640523,0.05555555555555555,0.0029430875664105795,0.07760467739673685,0.0004090592790773434,0.003728678069218563,1
pems-bay,pems-bay,original,235,25,10.944282628595829,0.3933333333333333,0.1978713336032063,0.6966666666666667,0.07716049382716049,0.1330887130680732,0.08218306811837256,0.001535046499689558,0.004215251697172002,1
pems-bay,pems-bay,original,236,22,9.423522628843784,0.45021645021645024,0.22023588904203542,0.7251082251082251,0.06790123456790123,0.0008026602453847035,0.08223442130078118,0.0010065194891683096,0.003787303034567182,1
pems-bay,pems-bay,original,237,17,5.469703353941441,0.27941176470588236,0.09970492256209189,0.4338235294117645,0.05246913580246913,0.1405802086916638,0.08576101626930595,9.524537922904174e-05,0.003061759852860068,11
pems-bay,pems-bay,original,238,10,4.586653679609299,0.5555555555555556,0.27982505380712497,0.7666666666666668,0.030864197530864196,0.0645185949623514,0.06363406491008915,9.134013644022344e-09,0.0029212369918754713,5
pems-bay,pems-bay,original,239,11,6.069965958595276,0.7090909090909091,0.41326838378938496,0.8545454545454545,0.033950617283950615,0.04412720253793525,0.05331923934885762,1.7828943106170188e-11,0.0029895353692493535,8
pems-bay,pems-bay,original,240,12,4.919722691178322,0.42424242424242425,0.2069638485603749,0.6994949494949494,0.037037037037037035,0.08919084202881931,0.06931606869440077,2.0493147552842958e-07,0.0032357604383536813,3
pems-bay,pems-bay,original,241,19,13.448536545038223,0.9883040935672515,0.6672476948619883,0.9941520467836257,0.05864197530864197,0.0,0.058369465919890555,0.21360880024747525,0.003143945859975588,4
pems-bay,pems-bay,original,242,22,16.06360411643982,0.9047619047619048,0.6199191890774102,0.9523809523809523,0.06790123456790123,0.00011466574934067194,0.061642214947569364,0.24814975808580186,0.003700996447149316,4
pems-bay,pems-bay,original,243,25,13.215206936001778,0.75,0.4065288429506846,0.875,0.07716049382716049,0.002599090318388564,0.0690575171503122,0.17198554080210615,0.003350140541248695,4
pems-bay,pems-bay,original,244,25,13.244992166757584,0.75,0.4074328006323813,0.875,0.07716049382716049,0.03183885640025991,0.06902661024579768,0.17255199267216448,0.0033557978943828276,4
pems-bay,pems-bay,original,245,19,13.456798613071442,0.9883040935672515,0.667578009678837,0.9941520467836257,0.05864197530864197,0.0,0.05837617737875532,0.21373439761234792,0.003145618104305932,4
pems-bay,pems-bay,original,246,15,7.301522433757782,0.6190476190476191,0.32232440178292904,0.8031746031746031,0.046296296296296294,0.04181477659289837,0.06552375956424296,1.1709792983873201e-07,0.0031561671700775827,2
pems-bay,pems-bay,original,247,12,6.638519108295441,0.7424242424242424,0.40505779561326144,0.8712121212121212,0.037037037037037035,0.005045292970989565,0.06396110423498146,3.398653334601184e-08,0.003066848535097554,2
pems-bay,pems-bay,original,248,10,2.0631213635206223,0.4444444444444444,0.1291870910166191,0.6870370370370372,0.030864197530864196,0.021843825249398003,0.06157650478836605,3.5130914430963645e-08,0.001323717232736488,2
pems-bay,pems-bay,original,249,13,7.907709494233131,0.8205128205128205,0.48030085802084743,0.9102564102564102,0.040123456790123455,0.004357298474945533,0.06454499716571836,3.4156369484394414e-07,0.0033047545967207145,6
pems-bay,pems-bay,original,250,5,1.6560832932591438,0.7,0.26899341646889185,0.85,0.015432098765432098,0.0,0.04828571345572875,7.07880429607504e-11,0.001569939774606276,7
pems-bay,pems-bay,original,251,11,4.773316748440266,0.41818181818181815,0.19343267820607138,0.6878787878787879,0.033950617283950615,0.11021289607460917,0.06188640286493599,3.331339410470776e-08,0.0031600543140901305,7
pems-bay,pems-bay,original,252,5,2.6395834162831306,0.9,0.4375360065984493,0.95,0.015432098765432098,0.0,0.05469649864148036,2.866130629574571e-07,0.0026132353910914017,1
pems-bay,pems-bay,original,253,11,5.843827195465565,0.6727272727272727,0.3580763098013264,0.8363636363636363,0.033950617283950615,0.0002484424569047892,0.05303155480590995,4.8569803614131325e-09,0.0028521759914043997,2
pems-bay,pems-bay,original,254,30,13.618197828531265,0.4459770114942529,0.2136929562571598,0.7034482758620683,0.09259259259259259,0.019015403432328094,0.0870569204815229,0.00037967086551848677,0.005116277975020317,0
pems-bay,pems-bay,original,255,6,4.014053761959076,1.0,0.5592361717205658,1.0,0.018518518518518517,0.0,0.0469076314526347,1.572863761915161e-08,0.002624804396186195,5
pems-bay,pems-bay,original,256,22,16.054077699780464,0.9047619047619048,0.6194845420090686,0.9523809523809523,0.06790123456790123,1.9110958223445322e-05,0.06161408852556557,0.2480668517574136,0.003698706768237874,4
pems-bay,pems-bay,original,257,21,8.522463031113148,0.44285714285714284,0.2013285851298179,0.7214285714285714,0.06481481481481481,0.05542177884799143,0.08149117454082348,8.482338006623248e-05,0.0036038349856524292,0
pems-bay,pems-bay,original,258,7,3.839536264538765,1.0,0.5556296329268855,1.0,0.021604938271604937,0.0,0.04538440328412237,3.295347997845711e-07,0.0020887663006183776,1
pems-bay,pems-bay,original,259,8,4.8271322548389435,0.9642857142857143,0.5515081347332834,0.9821428571428571,0.024691358024691357,0.0,0.04662281785428362,5.023070014150168e-07,0.0025080558742251366,1
pems-bay,pems-bay,original,260,8,5.358962759375572,0.9642857142857143,0.5997285163177265,0.9821428571428571,0.024691358024691357,0.0,0.04726576287259991,6.129234511247976e-07,0.002725729999625023,1
pems-bay,pems-bay,original,261,12,6.872529312968254,0.7424242424242424,0.4127372496476036,0.8712121212121212,0.037037037037037035,0.011810572182089208,0.05056235346328016,2.0759865790409268e-06,0.0032627609738292893,1
pems-bay,pems-bay,original,262,12,6.9605953842401505,0.7424242424242424,0.42448824285143677,0.8712121212121212,0.037037037037037035,0.0014142109085349538,0.051658943729556574,2.8960060654975207e-06,0.003248771719884227,1
pems-bay,pems-bay,original,263,12,6.8244616240262985,0.7424242424242424,0.4159251116241577,0.8712121212121212,0.037037037037037035,0.004720406681190994,0.053119118392443335,3.892516115864754e-06,0.0031406894505991156,1
pems-bay,pems-bay,original,264,10,6.271898493170738,0.8444444444444444,0.4955988776829856,0.9222222222222223,0.030864197530864196,7.644383289378129e-05,0.04842976744161964,1.1077989934425047e-06,0.003074059557417626,1
pems-bay,pems-bay,original,265,16,8.140274502336979,0.725,0.36350841308946497,0.8625,0.04938271604938271,0.013893666628444748,0.06519778021452806,7.344396811114798e-05,0.0031114704853170503,1
pems-bay,pems-bay,original,266,17,8.476631104946136,0.7132352941176471,0.354005823593221,0.8566176470588235,0.05246913580246913,0.04531208194778886,0.06605394828798647,8.668293215750029e-05,0.003199218725417239,1
pems-bay,pems-bay,original,267,17,8.448130398988724,0.7132352941176471,0.35245098151831233,0.8566176470588235,0.05246913580246913,0.0,0.06596087499781891,8.533160244030619e-05,0.0031925276111844742,1
pems-bay,pems-bay,original,268,10,6.594379007816315,0.8444444444444444,0.5245202353439141,0.9222222222222223,0.030864197530864196,0.006000840882161831,0.04996717011403468,1.474726120880278e-06,0.0031744121348326704,1
pems-bay,pems-bay,original,269,14,7.173515111207962,0.6813186813186813,0.35402505163845793,0.8406593406593407,0.043209876543209874,0.022856706035240607,0.06091814486217582,2.977039542400498e-05,0.002941807487379556,1
pems-bay,pems-bay,original,270,14,7.112953618168831,0.6813186813186813,0.3506744698463726,0.8406593406593407,0.043209876543209874,0.027672667507548827,0.06044502600086147,2.7571849196701457e-05,0.002935720539746828,1
pems-bay,pems-bay,original,271,14,6.953422352671623,0.6593406593406593,0.3364039325590784,0.8296703296703297,0.043209876543209874,0.00915414898903031,0.05767467422948751,1.6287587049103507e-05,0.002975318491683075,1
pems-bay,pems-bay,original,272,14,6.88412806391716,0.6593406593406593,0.33103230940053474,0.8296703296703297,0.043209876543209874,0.008408821618315942,0.05663224567409516,1.281219234636332e-05,0.002993609146112672,1
pems-bay,pems-bay,original,273,14,6.896471634507179,0.6373626373626373,0.3249016328569922,0.8076923076923078,0.043209876543209874,0.029507319496999578,0.05508227412601963,7.275259043958141e-06,0.0030907368703213464,1
pems-bay,pems-bay,original,274,7,3.336679235100746,0.7142857142857143,0.37552424724569733,0.7142857142857143,0.021604938271604937,0.018556740434965406,0.0492373591274356,2.374681633802593e-08,0.002224174122551429,9
pems-bay,pems-bay,original,275,7,4.057599455118179,0.9523809523809523,0.5086461968536986,0.9761904761904762,0.021604938271604937,0.0,0.04955822661581575,3.756979476738434e-08,0.0026003812019212242,9
pems-bay,pems-bay,original,276,9,5.590408563613892,0.8055555555555556,0.4768460943952989,0.9027777777777778,0.027777777777777776,0.0006879944960440316,0.05286654593846383,2.445823203041615e-07,0.0032780907362788764,9
pems-bay,pems-bay,original,277,10,5.2909476310014725,0.7111111111111111,0.3677049433479868,0.8518518518518517,0.030864197530864196,0.0333104001834652,0.055158702101204105,4.4334203361980547e-07,0.0030570329990952084,9
pems-bay,pems-bay,original,278,8,4.864945977926254,0.8928571428571429,0.4930850119280526,0.9464285714285714,0.024691358024691357,0.0,0.05025741601679048,6.981707525447768e-08,0.0030077824793273934,9
pems-bay,pems-bay,original,279,8,5.159235581755638,0.8928571428571429,0.5239423901226868,0.9464285714285714,0.024691358024691357,0.016970530902419446,0.05100298378579146,8.837022379697708e-08,0.0031456419099675785,9
pems-bay,pems-bay,original,280,15,6.811859227716923,0.6666666666666666,0.323388163766247,0.8222222222222222,0.046296296296296294,0.0576004280854642,0.0650105557971504,1.227925118742163e-05,0.002835530892064014,0
pems-bay,pems-bay,original,281,9,5.6007430255413055,0.8055555555555556,0.4772397805096547,0.9027777777777778,0.027777777777777776,0.009555479111722661,0.052201035532720715,1.779146344710155e-07,0.003323390429312792,9
pems-bay,pems-bay,original,282,0,0.0,0.0,0.0,0.0,0.0,0.0,0.0,5.86755575961331e-19,0.0004688965301656768,18
pems-bay,pems-bay,original,283,10,4.674219578504562,0.6222222222222222,0.30692946059189324,0.8111111111111111,0.030864197530864196,0.05362534877498757,0.059109355058459434,3.2145174563584115e-06,0.0024722481560826423,9
pems-bay,pems-bay,original,284,12,4.978739462792873,0.5606060606060606,0.24773067483541522,0.7651515151515151,0.037037037037037035,0.0,0.056169891354673374,1.940791921312244e-06,0.002736674837130891,9
pems-bay,pems-bay,original,285,10,5.112614616751671,0.6666666666666666,0.34156342940125317,0.8296296296296297,0.030864197530864196,0.005007071054542674,0.0556613725752395,6.365694279872681e-07,0.0029225566586038878,9
pems-bay,pems-bay,original,286,13,7.1616096049547195,0.7564102564102564,0.4109128593114933,0.8782051282051282,0.040123456790123455,0.0,0.052265081543832366,2.12792435506975e-11,0.003337591782189198,8
pems-bay,pems-bay,original,287,1,0.38981443643569946,0.0,0.0,0.0,0.0030864197530864196,0.0,0.03962767472581336,1.0280017852455183e-13,0.000836725734660029,3
pems-bay,pems-bay,original,288,11,6.541630268096924,0.7818181818181819,0.46158571023174216,0.8909090909090909,0.033950617283950615,0.025379352520735386,0.05422881750406684,2.1603498001456986e-10,0.003077055660707201,8
pems-bay,pems-bay,original,289,14,7.383905380964279,0.7252747252747253,0.38017391521353516,0.8626373626373627,0.043209876543209874,0.006421281963077628,0.05363668323055322,1.6263152631663667e-10,0.0033855989945097407,8
pems-bay,pems-bay,original,290,13,7.378752768039703,0.7564102564102564,0.4232069218668158,0.8782051282051282,0.040123456790123455,0.0,0.05238768007297948,2.2487951536299543e-11,0.00341092994546382,8
pems-bay,pems-bay,original,291,7,3.8536520898342133,0.9523809523809523,0.4986714770479302,0.9761904761904762,0.021604938271604937,0.0,0.05674780195984536,4.250169029722633e-10,0.0020549091234915435,8
pems-bay,pems-bay,original,292,14,7.7039716094732285,0.7252747252747253,0.39847075217214484,0.8626373626373627,0.043209876543209874,0.0,0.05306016046766018,1.3464607819565581e-10,0.003496139872818195,8
pems-bay,pems-bay,original,293,14,8.403390720486641,0.7472527472527473,0.44608364862864525,0.8717948717948717,0.043209876543209874,0.025111799105607152,0.05293418668036803,5.901464571044254e-11,0.003744636355149955,8
pems-bay,pems-bay,original,294,12,8.406854152679443,0.8787878787878788,0.5807460825512201,0.9393939393939394,0.037037037037037035,5.733287467033597e-05,0.05254473914021872,4.007618758124766e-11,0.0037339188253363133,8
pems-bay,pems-bay,original,295,12,8.388823837041855,0.8787878787878788,0.579056425988212,0.9393939393939394,0.037037037037037035,0.004070634101593853,0.0525293028761707,3.840674297964262e-11,0.0037287379151970247,8
pems-bay,pems-bay,original,296,13,8.194005534052849,0.7948717948717948,0.4863122050090564,0.8952991452991452,0.040123456790123455,0.027175782593739248,0.052631774321144936,3.160507616731204e-11,0.003677151142819861,8
pems-bay,pems-bay,original,297,13,7.124111503362656,0.7435897435897436,0.4035908659655436,0.8717948717948718,0.040123456790123455,0.010874135229140389,0.05379671968871919,1.769158782472737e-10,0.003289267414824213,8
pems-bay,pems-bay,original,298,13,6.862499937415123,0.6923076923076923,0.37556976306919126,0.8418803418803418,0.040123456790123455,0.0,0.052372132408292284,2.033863006383434e-11,0.003254516363746304,8
pems-bay,pems-bay,original,299,14,8.378230594098568,0.7252747252747253,0.4240054170410083,0.8626373626373627,0.043209876543209874,0.005408401177235026,0.050933154843478004,3.000590157404502e-11,0.0042827442344638925,3
pems-bay,pems-bay,original,300,17,8.815615765750408,0.5588235294117647,0.31178823921400634,0.7794117647058824,0.05246913580246913,0.00015288766578756258,0.05157937198478516,1.15613406236585e-10,0.0044722508978763,3
pems-bay,pems-bay,original,301,8,4.579177528619766,1.0,0.5889747965331592,1.0,0.024691358024691357,0.0,0.047661499064046445,1.5254595499026614e-11,0.0024861970785590437,3
pems-bay,pems-bay,original,302,15,8.501569725573063,0.6666666666666666,0.3877724926942019,0.8333333333333334,0.046296296296296294,0.008198601077858043,0.05185217523978586,6.367098138958434e-11,0.0042611120112397765,3
pems-bay,pems-bay,original,303,14,7.9580511301755905,0.7252747252747253,0.40960258816929046,0.8608058608058609,0.043209876543209874,0.015862095325459617,0.05269538472059516,3.162757095386868e-11,0.004033248237450545,3
pems-bay,pems-bay,original,304,12,7.011904492974281,0.7878787878787878,0.4373271892333381,0.8939393939393939,0.037037037037037035,0.01102702289492795,0.05292886269663267,2.8949542833336848e-11,0.0036701817901360796,3
pems-bay,pems-bay,original,305,17,8.882691450417042,0.5588235294117647,0.31085624843915866,0.7794117647058824,0.05246913580246913,0.059167526659786716,0.05270144529993135,1.3303602204968575e-10,0.004522946864304411,3
pems-bay,pems-bay,original,306,10,4.348596103489399,0.6444444444444445,0.29817819421808384,0.8111111111111111,0.030864197530864196,0.04097389443106677,0.054460682419252,7.210883404750334e-11,0.002588918186288239,3
pems-bay,pems-bay,original,307,12,6.424781441688538,0.7121212121212122,0.3700517406393039,0.8484848484848484,0.037037037037037035,0.020964721171119517,0.05363141353390204,3.7693527251584574e-11,0.0034629605071523407,3
pems-bay,pems-bay,original,308,8,3.8080670461058617,1.0,0.47836842509067484,1.0,0.024691358024691357,0.0,0.05131389049668357,1.178258156143054e-11,0.0021512844400251993,3
pems-bay,pems-bay,original,309,12,7.673550575971603,0.7878787878787878,0.472852342881158,0.8939393939393939,0.037037037037037035,0.015231433704085922,0.04957190376139458,2.4366798558934017e-11,0.004087947334473006,3
pems-bay,pems-bay,original,310,11,5.779278144240379,0.8181818181818182,0.4071198044177528,0.9090909090909091,0.033950617283950615,0.0036501930206780564,0.07969545996710009,2.320202498771888e-05,0.0026472398227047936,0
pems-bay,pems-bay,original,311,11,5.495811864733696,0.7636363636363637,0.39280183911928107,0.8787878787878788,0.033950617283950615,0.013243894048847607,0.0805748661084098,0.0002833193627239906,0.0025690836641010235,1
pems-bay,pems-bay,original,312,6,2.8297983407974243,0.6,0.2632549624867001,0.8,0.018518518518518517,0.014944769330734242,0.08445470542296019,1.0638945047187283e-05,0.0018029735648934363,11
pems-bay,pems-bay,original,313,18,8.944445975124836,0.5098039215686274,0.2527024903160867,0.7549019607843137,0.05555555555555555,0.021194052669800862,0.08663394335379564,3.663776528235781e-05,0.00402918307796897,0
pems-bay,pems-bay,original,314,15,6.775240376591682,0.5238095238095238,0.26707492450230896,0.7619047619047619,0.046296296296296294,0.067805679776784,0.07831384948104309,0.018565278495772834,0.0025616881328340293,4
pems-bay,pems-bay,original,315,10,6.3730607107281685,0.8222222222222222,0.4745519703042485,0.9111111111111111,0.030864197530864196,0.0,0.07848806304988062,0.006582969956103715,0.002596423424015418,4
pems-bay,pems-bay,original,316,10,6.18253717571497,0.7777777777777778,0.4471022180834756,0.8888888888888888,0.030864197530864196,0.0,0.07802268794094384,0.004626573759286419,0.0025568949737225666,4
pems-bay,pems-bay,original,317,10,6.376362845301628,0.8222222222222222,0.47498445669366307,0.9111111111111111,0.030864197530864196,0.0,0.07851296541271506,0.006618589080563358,0.00259698042974449,4
pems-bay,pems-bay,original,318,10,6.188432484865189,0.7777777777777778,0.4475650891631995,0.8888888888888888,0.030864197530864196,0.0,0.07802932099691358,0.0046495199044670685,0.002558636409156406,4
pems-bay,pems-bay,original,319,8,5.976862847805023,1.0,0.6878974537403326,1.0,0.024691358024691357,0.0,0.06448551636057408,4.1845667718200494e-06,0.002836519570518443,0
pems-bay,pems-bay,original,320,8,3.934109143912792,0.8214285714285714,0.4136208291489499,0.9107142857142857,0.024691358024691357,0.0,0.048813756128289365,1.2699417270587858e-10,0.002723576281316142,7
pems-bay,pems-bay,original,321,17,9.464029967784882,0.7352941176470589,0.4066147855316985,0.8676470588235294,0.05246913580246913,0.042254328632037604,0.0762106185111346,3.113214926833003e-05,0.0035798843438650586,0
pems-bay,pems-bay,original,322,16,9.990215227007866,0.8083333333333333,0.4859436352320256,0.9041666666666667,0.04938271604938271,0.0007262164124909222,0.07279002159557524,2.8706739385271636e-05,0.0037070252916419416,0
pems-bay,pems-bay,original,323,18,9.77697654813528,0.7189542483660131,0.3884420120498124,0.8594771241830066,0.05555555555555555,0.0024653136108244464,0.07541673699541732,3.06243394407324e-05,0.0036703231561806475,0
pems-bay,pems-bay,original,324,20,9.480297535657883,0.4842105263157895,0.25074816874196587,0.7368421052631577,0.06172839506172839,0.02148071704315254,0.07924868976423304,0.00013669909599059105,0.003737767093805265,0
